Year,Make,Model,Price
2023,Honda,Elevate,"£14,530.00"
2023,Honda,e,"£37,140.00"
2023,Honda,e Advance,"£37,140.00"
2023,Honda,Pilot Elite AWD,"£52,030.00"
2023,Honda,Pilot EX-L 8-Passenger AWD,"£42,310.00"
2023,Honda,Pilot EX-L 8-Passenger 2WD,"£41,950.00"
2023,Honda,Pilot Sport 4WD,"£40,080.00"
2023,Honda,City ZX CVT,"£19,350.00"
2023,Honda,City V CVT,"£16,510.00"
2023,Honda,New City ZX Petrol MT,"£17,880.00"
2023,Honda,New City VX Petrol MT,"£16,400.00"
2023,Honda,City Hybrid eHEV ZX,"£24,770.00"
2023,Honda,City Hybrid eHEV V,"£22,970.00"
2023,Honda,New City V Petrol MT,"£15,030.00"
2023,Honda,New City SV Petrol MT,"£14,010.00"
2023,Honda,City Hybrid ZX CVT,"£28,520.00"
2023,Honda,City Hybrid V CVT,"£26,450.00"
2023,Honda,City V,"£17,500.00"
2023,Honda,City SV,"£16,260.00"
2023,Honda,City Hybrid,"£26,640.00"
2023,Honda,HR-V VTi-S,"£28,230.00"
2023,Honda,HR-V VTi,"£27,470.00"
2023,Honda,Accord EX,"£29,610.00"
2023,Honda,Civic Type R Touring Manual,"£43,290.00"
2023,Honda,Passport EX-L,"£41,100.00"
2023,Honda,Pilot EX-L AWD,"£42,310.00"
2023,Honda,CR-V EX-L AWD,"£35,260.00"
2023,Honda,CR-V EX AWD,"£32,610.00"
2023,Honda,CR-V Hybrid Sport AWD,"£33,950.00"
2023,Honda,Civic Type R Touring,"£42,890.00"
2023,Honda,Civic Sport Sedan,"£24,650.00"
2023,Honda,Accord Hybrid Sport-L,"£33,870.00"
2023,Honda,Accord Sedan,"£28,000.00"
2023,Honda,ZR-V,"£25,000.00"
2023,BMW,i3s 120 Ah,"£45,550.00"
2023,BMW,iX3,"£70,930.00"
2023,BMW,i4 xDrive40,"£62,600.00"
2023,BMW,i7 eDrive50,"£106,700.00"
2023,BMW,iX1 xDrive30,"£60,490.00"
2023,BMW,i7 M70 xDrive,"£350,000.00"
2023,BMW,M2 Brooklyn Grau,"£63,500.00"
2023,BMW,M2 Zandvoort Blau,"£63,000.00"
2023,BMW,X1 sDrive18d M Sport,"£69,420.00"
2023,BMW,X1 sDrive18i xLine,"£64,550.00"
2023,BMW,X7 xDrive40d M Sport,"£179,890.00"
2023,BMW,X7 xDrive40i M Sport,"£171,330.00"
2023,BMW,Alpina B5 GT Sedan,"£156,890.00"
2023,BMW,Alpina B5 GT Wagon,"£161,100.00"
2023,BMW,M4 Competition Coupe,"£78,600.00"
2023,BMW,i4 eDrive35,"£51,400.00"
2023,BMW,3.0 CSL Coupe,"£750,000.00"
2023,BMW,5 Series Hybrid,"£56,400.00"
2023,BMW,4 Series M440i Gran Coupe,"£57,450.00"
2023,BMW,M8 Coupe Competition,"£308,090.00"
2023,BMW,M6,"£105,990.00"
2023,BMW,530i xDrive,"£57,100.00"
2023,BMW,530e Plug-In Hybrid,"£56,400.00"
2023,Lexus,LC 500 Edge Limited Edition,"£126,290.00"
2023,Lexus,RZ 450e Luxury,"£64,000.00"
2023,Lexus,RZ 450e Premium,"£58,500.00"
2023,Lexus,LX Ultra Luxury,"£126,000.00"
2023,Lexus,LC 500 Coupe,"£94,000.00"
2023,Lexus,IS 350 F SPORT Design AWD,"£44,510.00"
2023,Lexus,IS 300 AWD,"£41,435.00"
2023,Lexus,ES 350 F SPORT Handling,"£47,800.00"
2023,Lexus,NX 350h Luxury,"£49,000.00"
2023,Lexus,ES 300h F SPORT Design,"£46,920.00"
2023,Lexus,ES 250 F SPORT Design,"£45,920.00"
2023,Lexus,NX 250 Premium,"£41,650.00"
2023,Lexus,NX 350 F SPORT Handling,"£47,050.00"
2023,Lexus,UX 300e 73kWh,"£35,920.00"
2023,Lexus,UX 250h F SPORT HANDLING,"£42,200.00"
2023,Lexus,UX 250h Premium AWD,"£38,630.00"
2023,Lexus,UX 250h Premium,"£37,230.00"
2023,Lexus,UX 250h F SPORT DESIGN,"£37,230.00"
2023,Lexus,UX 250h AWD,"£36,170.00"
2023,Lexus,BX,"£57,575.00"
2023,Lexus,RX Hybrid 500h F Sport Performance,"£61,600.00"
2023,Lexus,NX 450h+ Plug-in Hybrid F SPORT,"£58,400.00"
2023,Lexus,RX Hybrid 350h,"£49,000.00"
2023,Lexus,IS 350 F Sport RWD,"£45,760.00"
2023,Lexus,UX Hybrid,"£34,770.00"
2023,Lexus,UX,"£43,605.00"
2023,Hyundai,Ioniq 5 LR AWD 77kWh,"£64,960.00"
2023,Hyundai,Ioniq 5 LR RWD 77kWh,"£56,610.00"
2023,Hyundai,Ioniq 6 LR AWD,"£49,000.00"
2023,Hyundai,Ioniq 6 LR RWD,"£45,500.00"
2023,Hyundai,Ioniq 6 SR RWD,"£41,600.00"
2023,Hyundai,Exter SUV,"£7,300.00"
2023,Hyundai,Exter,"£7,300.00"
2023,Hyundai,Mufasa,"£20,000.00"
2023,Hyundai,Verna SX (O) 1.5 VTVT IVT,"£19,730.00"
2023,Hyundai,Verna SX (O)1.5 VTVT,"£17,870.00"
2023,Hyundai,Verna SX 1.5 CRDi,"£15,530.00"
2023,Hyundai,loniq 6 Limited AWD,"£56,100.00"
2023,Hyundai,Ioniq 6 Limited,"£52,600.00"
2023,Hyundai,Ioniq 6 SEL AWD,"£51,200.00"
2023,Hyundai,Ioniq 6 SEL,"£47,700.00"
2023,Hyundai,Ioniq 6 SE AWD,"£49,000.00"
2023,Hyundai,Ioniq 6 SE,"£45,500.00"
2023,Hyundai,Ioniq 6 SE Standard Range,"£41,600.00"
2023,Hyundai,Verna SX 1.5 CRDi AT,"£16,980.00"
2023,Hyundai,Verna SX 1.5 VTVT IVT,"£17,270.00"
2023,Hyundai,Sonata 2.5,"£37,120.00"
2023,Hyundai,Sonata 2.0,"£34,120.00"
2023,Hyundai,Venue N Line N8 DCT,"£16,450.00"
2023,Hyundai,Verna SX 1.5 VTVT,"£13,860.00"
2023,Hyundai,Verna S Plus 1.5 CRDi,"£13,630.00"
2023,Hyundai,Venue N Line N8 DCT Dual Tone,"£16,610.00"
2023,Hyundai,Verna S Plus 1.5 VTVT,"£12,160.00"
2023,Hyundai,Verna E 1.5 VTVT,"£11,700.00"
2023,Hyundai,Venue N Line N6 DCT Dual Tone,"£15,460.00"
2023,Hyundai,Venue N Line N6 DCT,"£15,280.00"
2023,Hyundai,Venue N-Line,"£15,190.00"
2023,Hyundai,Grand i10 Nios Era,"£8,150.00"
2023,Hyundai,Aura E,"£9,240.00"
2023,Hyundai,Stargazer,"£12,230.00"
2023,Hyundai,Venue N Line,"£15,190.00"
2023,Hyundai,Elantra Manual,"£32,900.00"
2023,Hyundai,Elantra N Coupe,"£32,920.00"
2023,Hyundai,Grandeur Calligraphy Black Ink,"£30,600.00"
2023,Hyundai,Kona SE AWD,"£23,640.00"
2023,Hyundai,Kona N Line AWD,"£29,350.00"
2023,Hyundai,Palisade SE AWD,"£37,150.00"
2023,Hyundai,Palisade Limited AWD,"£48,700.00"
2023,Hyundai,Palisade Limited AWD,"£48,700.00"
2023,Hyundai,Kona N Line,"£27,700.00"
2023,Hyundai,Ioniq 5 Limited,"£52,600.00"
2023,Hyundai,Ioniq 5 SEL,"£46,250.00"
2023,Toyota,Tundra 1794 Edition Hybrid,"£68,200.00"
2023,Toyota,Urban Cruiser Hyryder,"£13,080.00"
2023,Toyota,Bz4x AWD,"£48,800.00"
2023,Toyota,Bz4x FWD,"£46,700.00"
2023,Toyota,bZ3 65kWh,"£24,500.00"
2023,Toyota,bZ3 50kWh,"£27,500.00"
2023,Toyota,Innova Crysta VX 2.4 8 STR,"£29,150.00"
2023,Toyota,Innova Crysta GX 7 STR,"£24,450.00"
2023,Toyota,Supra Plasma Orange 100 Edition,"£55,750.00"
2023,Toyota,Innova Crysta G-SLF 8 STR,"£23,510.00"
2023,Toyota,Innova Crysta G-SLF 7 STR,"£23,450.00"
2023,Toyota,Innova Hycross ZX (O) Hybrid 7 STR,"£36,310.00"
2023,Toyota,Innova Hycross ZX Hybrid 7 STR,"£35,530.00"
2023,Toyota,Innova Hycross VX (O) Hybrid 8 STR,"£32,490.00"
2023,Toyota,Innova Hycross VX (O) Hybrid 7 STR,"£32,420.00"
2023,Toyota,Prius Limited AWD-e,"£34,460.00"
2023,Toyota,Innova Hycross VX Hybrid 8 STR,"£30,010.00"
2023,Toyota,Innova Hycross VX Hybrid 7 STR,"£29,950.00"
2023,Toyota,Innova Hycross GX 8 STR,"£23,540.00"
2023,Toyota,Innova Hycross GX 7 STR,"£23,470.00"
2023,Toyota,Innova Hycross G-SLF 8 STR,"£22,590.00"
2023,Toyota,Innova Hycross G-SLF 7 STR,"£22,540.00"
2023,Toyota,Aygo X Undercover,"£17,000.00"
2023,Toyota,Land Cruiser ZX Gasoline 3.5L,"£536,530.00"
2023,Toyota,Corolla,"£26,700.00"
2023,Toyota,Prius Prime XSE Premium,"£35,600.00"
2023,Toyota,Prius Prime XSE,"£35,600.00"
2023,Toyota,Prius Prime SE,"£32,350.00"
2023,Toyota,RAV4 Prime SE Plug-in Hybrid,"£42,340.00"
2023,Toyota,Sequoia Limited 4WD,"£67,700.00"
2023,Toyota,Century SUV,"£170,000.00"
2023,Toyota,RAV4 Hybrid,"£30,720.00"
2023,Toyota,Highlander Hybrid Platinum AWD,"£52,620.00"
2023,Toyota,Highlander Platinum AWD,"£51,220.00"
2023,Toyota,Highlander Limited AWD,"£48,020.00"
2023,Toyota,Camry SE AWD,"£29,160.00"
2023,Toyota,Sienna XSE AWD,"£44,450.00"
2023,Toyota,Yaris MT 1.3,"£16,000.00"
2023,Toyota,Yaris MT 1.5,"£18,000.00"
2023,Toyota,RAV4 Hybrid XSE,"£35,885.00"
2023,Kia,EV6 Limited Edition,"£63,000.00"
2023,Kia,EV6 SR RWD,"£42,700.00"
2023,Kia,Forte LX IVT,"£19,690.00"
2023,Kia,Forte GT-Line IVT,"£21,690.00"
2023,Kia,Forte LXS IVT,"£19,990.00"
2023,Kia,Stonic Quantum Special Edition,"£26,400.00"
2023,Kia,K5 GT-Line AWD,"£28,190.00"
2023,Kia,Telluride SX-P X-Pro,"£52,780.00"
2023,Kia,Telluride SX-P X-Line,"£51,785.00"
2023,Kia,Telluride SX X-Pro,"£49,885.00"
2023,Kia,Telluride SX X-Line,"£48,885.00"
2023,Kia,Niro SX Touring,"£34,790.00"
2023,Kia,Niro SX,"£32,490.00"
2023,Kia,Niro EX Touring,"£31,390.00"
2023,Kia,Telluride S AWD,"£39,590.00"
2023,Kia,Telluride LX AWD,"£37,690.00"
2023,Kia,Sorento Hybrid EX AWD,"£38,890.00"
2023,Kia,Sorento LX AWD,"£31,790.00"
2023,Kia,Niro EV SX,"£44,450.00"
2023,Kia,EV6 GT-Line,"£52,700.00"
2023,Kia,EV6 Wind AWD,"£52,400.00"
2023,Kia,EV6 Wind,"£48,500.00"
2023,Kia,Picanto,"£14,000.00"
2023,Kia,Cerato,"£18,380.00"
2023,Kia,Sorento Plug-in Hybrid SX Prestige,"£49,890.00"
2023,Kia,Rio5 S,"£17,490.00"
2023,Kia,Carens Premium Turbo,"£15,050.00"
2023,Kia,Carnival LX Seat Package,"£34,900.00"
2023,Nissan,e-NV200,"£31,500.00"
2023,Nissan,Ariya Evolve Plus e-4ORCE,"£63,530.00"
2023,Nissan,Ariya Engage 2WD 87kWh,"£43,190.00"
2023,Nissan,Ariya Engage 2WD 63kWh,"£43,190.00"
2023,Nissan,Ariya ENGAGE Plus,"£51,190.00"
2023,Nissan,Ariya PREMIERE,"£54,690.00"
2023,Nissan,Ariya PLATINUM Plus,"£60,190.00"
2023,Nissan,Ariya EVOLVE e-4ORCE AWD,"£54,190.00"
2023,Nissan,Ariya ENGAGE e-4ORCE AWD,"£47,190.00"
2023,Nissan,Ariya e-4ORCE,"£55,870.00"
2023,Nissan,Ariya EMPOWER Plus,"£53,690.00"
2023,Nissan,Ariya EVOLVE Plus,"£50,190.00"
2023,Nissan,Ariya VENTURE Plus,"£47,190.00"
2023,Nissan,Ariya ENGAGE,"£43,190.00"
2023,Nissan,Altima 2.5 SL AWD,"£33,490.00"
2023,Nissan,Altima 2.5 SR AWD,"£28,990.00"
2023,Nissan,Altima 2.5 SR,"£27,490.00"
2023,Nissan,Altima 2.5 SV,"£26,090.00"
2023,Nissan,Rogue Platinum AWD,"£38,640.00"
2023,Nissan,Pathfinder Rock Creek,"£43,020.00"
2023,Nissan,Murano Platinum AWD,"£45,210.00"
2023,Nissan,Murano S AWD,"£35,360.00"
2023,Nissan,Murano AWD SV,"£38,900.00"
2023,Nissan,Murano SV AWD,"£38,900.00"
2023,Nissan,Murano SL AWD,"£42,860.00"
2023,Nissan,Sentra SR,"£22,700.00"
2023,Nissan,Armada SL,"£57,760.00"
2023,Nissan,Altima 2.5 SL,"£31,990.00"
2023,Nissan,Rogue SL AWD,"£35,210.00"
2023,Nissan,Formula E,"£57,800.00"
2023,Nissan,Z Performance Auto,"£49,990.00"
2023,Nissan,Armada S 4WD,"£52,900.00"
2023,Nissan,Altima 2.5 SV AWD,"£27,590.00"
2023,Nissan,Pathfinder Platinum 4WD,"£49,870.00"
2023,Nissan,Versa S CVT,"£18,250.00"
2023,Nissan,Z Sport Auto,"£39,990.00"
2023,Nissan,Z,"£39,990.00"
2023,Nissan,Armada SV 4WD,"£56,900.00"
2023,Nissan,Z GT4,"£229,000.00"
2023,Nissan,GT-R Premium,"£113,540.00"
2023,Nissan,GT-R,"£113,540.00"
2023,Nissan,Urvan,"£25,600.00"
2023,Nissan,350Z,"£37,890.00"
2023,Nissan,Juke,"£17,700.00"
2023,Audi,A3 Sedan Premium 40 TFSI quattro,"£37,400.00"
2023,Audi,Q5 Premium Plus 40 TFSI quattro,"£44,200.00"
2023,Audi,Q5 Prestige 40 TFSI quattro,"£44,200.00"
2023,Audi,SQ7 4.0T Premium Plus quattro,"£90,200.00"
2023,Audi,A3 Sedan Premium Plus 40 TFSI quattro,"£37,400.00"
2023,Audi,RS4 Avant competition,"£87,320.00"
2023,Audi,SQ8 e-tron quattro,"£97,000.00"
2023,Audi,Q8 55 e-tron quattro,"£75,000.00"
2023,Audi,Q8 Sportback 50 e-tron Quattro,"£69,000.00"
2023,Audi,Q8 Sportback 55 e-tron Quattro,"£77,800.00"
2023,Audi,SQ8 Sportback e-tron quattro,"£100,800.00"
2023,Audi,RS E-Tron GT Special Edition,"£179,900.00"
2023,Audi,Q3 Sportback,"£62,020.00"
2023,Audi,Q5,"£43,500.00"
2023,Audi,R8 Coupe,"£222,000.00"
2023,Audi,A4 Avant,"£45,900.00"
2023,Audi,SQ5 3.0T Premium Quattro,"£55,600.00"
2023,Audi,Q4 Sportback e-tron,"£58,200.00"
2023,Audi,Q4 50 e-tron Premium,"£55,200.00"
2023,Audi,Q4 50 e-tron Prestige,"£90,800.00"
2023,Audi,S6 2.9T Premium quattro,"£73,700.00"
2023,Audi,Q4 40 e-tron Premium Plus,"£90,800.00"
2023,Audi,RS7 Sportback,"£120,900.00"
2023,Audi,RS6 Avant Performance,"£118,900.00"
2023,Audi,RS3,"£58,900.00"
2023,Audi,R8 V10 GT RWD,"£225,000.00"
2023,Audi,A6 Premium Plus 45 TFSI quattro,"£55,900.00"
2023,Chevrolet,Camaro LT1 Convertible,"£42,400.00"
2023,Chevrolet,Camaro 1SS Convertible,"£45,900.00"
2023,Chevrolet,Camaro 2SS Convertible,"£50,900.00"
2023,Chevrolet,Corvette Stingray Limited Edition,"£90,800.00"
2023,Chevrolet,Bolt EV 65kWh,"£32,500.00"
2023,Chevrolet,Silverado EV RST,"£105,000.00"
2023,Chevrolet,Bolt EV 66kWh,"£37,500.00"
2023,Chevrolet,Silverado EV WT,"£40,000.00"
2023,Chevrolet,Colorado ZR2 Bison,"£43,900.00"
2023,Chevrolet,Corvette Z06 2LZ Coupe,"£114,500.00"
2023,Chevrolet,Corvette Z06 1LZ Coupe,"£105,300.00"
2023,Chevrolet,Camaro 2SS Coupe,"£44,900.00"
2023,Chevrolet,Camaro 1SS Coupe,"£39,900.00"
2023,Chevrolet,Camaro LT1 Coupe,"£36,400.00"
2023,Chevrolet,Camaro 3LT Coupe,"£32,900.00"
2023,Chevrolet,Camaro 2LT Coupe,"£28,900.00"
2023,Chevrolet,Camaro 1LT Coupe,"£26,900.00"
2023,Chevrolet,Blazer 2LT AWD,"£36,100.00"
2023,Chevrolet,Montana,"£25,000.00"
2023,Chevrolet,Onix,"£17,195.00"
2023,Ford,GT 68 Heritage Edition,"£1,100,000.00"
2023,Ford,F-150 Shelby Centennial Edition,"£138,500.00"
2023,Ford,E-Tourneo Courier,"£39,990.00"
2023,Ford,F-150 Lightning LR AWD,"£81,000.00"
2023,Ford,Mustang Mach-E SR AWD,"£49,000.00"
2023,Ford,Mustang Mach-E SR,"£46,000.00"
2023,Ford,F-150 Lightning SR AWD,"£56,000.00"
2023,Ford,Shelby Mustang Mach-E GT,"£65,400.00"
2023,Ford,Transit Trail Camper Van 250,"£65,970.00"
2023,Ford,Ranger Wildtrak X,"£51,000.00"
2023,Ford,Transit Passenger Van,"£50,130.00"
2023,Ford,Bronco Sport,"£29,210.00"
2023,Ford,Mustang EcoBoost Premium Convertible,"£38,290.00"
2023,Ford,Ranger LARIAT,"£35,500.00"
2023,Ford,Mustang GT Premium,"£43,360.00"
2023,Ford,Mustang GT,"£38,340.00"
2023,Ford,Mustang EcoBoost Premium,"£32,790.00"
2023,Ford,Mustang Mach-E California Route 1,"£63,570.00"
2023,Ford,Mustang Mach-E Premium,"£54,970.00"
2023,Ford,F-450 Super Duty Limited,"£97,810.00"
2023,Ford,F-450 Super Duty Platinum,"£89,455.00"
2023,Ford,F-450 Super Duty King Ranch,"£85,585.00"
2023,Ford,F-450 Super Duty Lariat,"£73,910.00"
2023,Ford,F-450 Super Duty XLT,"£62,645.00"
2023,Ford,F-450 Super Duty XL,"£56,625.00"
2023,Ford,F-250 Super Duty Platinum,"£76,865.00"
2023,Ford,E-Transit Cargo Van 350,"£53,790.00"
2023,Ford,E-Transit Cargo Van 350 Chassis,"£50,100.00"
2023,Ford,Mustang,"£27,770.00"
2023,Ford,F-250 Super Duty King Ranch,"£75,975.00"
2023,Ford,F-250 Super Duty Lariat,"£61,410.00"
2023,Ford,Explorer Hybrid Limited,"£54,060.00"
2023,Ford,Expedition XL STX,"£54,155.00"
2023,Ford,Expedition Max XL 4x4,"£60,200.00"
2023,Ford,Escape Plug-In Hybrid,"£38,500.00"
2023,Ford,Bronco Sport Heritage Limited Edition,"£44,655.00"
2023,Ford,Bronco Sport Badlands,"£37,340.00"
2023,Ford,Bronco Sport Outer Banks,"£35,615.00"
2023,Ford,Bronco Sport Heritage Edition,"£32,650.00"
2023,Ford,Bronco Sport Big Bend,"£30,930.00"
2023,Ford,Bronco Sport Base,"£29,215.00"
2023,Ford,Bronco Heritage Limited Edition 4-Door,"£69,185.00"
2023,Ford,Bronco Heritage Limited Edition 2-Door,"£66,895.00"
2023,Mercedes,AMG G63 Grand Edition,"£249,600.00"
2023,Mercedes,EQA 300 4MATIC,"£57,400.00"
2023,Mercedes,EQS 350,"£102,310.00"
2023,Mercedes,EQA 350 4MATIC,"£60,280.00"
2023,Mercedes,EQV 250 Long,"£72,720.00"
2023,Mercedes,EQV 250 Extra Long,"£73,680.00"
2023,Mercedes,EQV 300 Long,"£76,560.00"
2023,Mercedes,EQV 300 Extra Long,"£77,520.00"
2023,Mercedes,AMG SL 43 Roadster,"£110,000.00"
2023,Mercedes,AMG SL43,"£110,000.00"
2023,Mercedes,EQS SUV 450 4MATIC,"£114,470.00"
2023,Mercedes,EQS 450 4MATIC,"£113,050.00"
2023,Mercedes,AMG CLS 53,"£87,550.00"
2023,Mercedes,EQT,"£50,000.00"
2023,Mercedes,Benz GLA-Class SUV,"£37,500.00"
2023,Mercedes,Benz GLB Class,"£39,800.00"
2023,Mercedes,AMG GT63 S E Performance,"£209,600.00"
2023,Mercedes,Benz EQA SUV,"£55,300.00"
2023,Mercedes,Benz S Class,"£243,720.00"
2023,Mercedes,AMG GLC 63 S 4MATIC Coupe,"£85,600.00"
2023,Mercedes,AMG C63 Coupe,"£81,850.00"
2023,Mercedes,Benz C Class Convertible,"£57,250.00"
2023,Mercedes,Benz C Class Coupe,"£49,550.00"
2023,Mercedes,AMG GT 53,"£106,700.00"
2023,Mercedes,Maybach GLS,"£170,000.00"
2023,Mercedes,AMG GT 53 4MATIC Plus,"£106,800.00"
2023,Mercedes,AMG GT,"£294,070.00"
2023,Porsche,718 Boxster GTS 4.0,"£92,400.00"
2023,Porsche,911 Dakar Dakar,"£222,000.00"
2023,Porsche,911 Turbo S by Mansory,"£232,000.00"
2023,Porsche,Taycan Art Car,"£200,000.00"
2023,Porsche,Panamera E-Hybrid Sport Turismo,"£113,000.00"
2023,Porsche,Panamera Sport Turismo,"£103,200.00"
2023,Porsche,Panamera Turbo,"£186,400.00"
2023,Porsche,Taycan Cross Turismo,"£97,700.00"
2023,Porsche,Cayenne Platinum Edition E-Hybrid,"£95,500.00"
2023,Porsche,Cayenne S Platinum Edition Coupe,"£97,300.00"
2023,Porsche,Cayenne S Coupe,"£95,200.00"
2023,Porsche,Cayenne S Platinum Edition,"£95,100.00"
2023,Porsche,Cayenne Platinum Edition,"£84,800.00"
2023,Porsche,Macan GTS,"£82,900.00"
2023,Porsche,Panamera 4S E-Hybrid Executive,"£130,500.00"
2023,Porsche,Panamera 4 E-Hybrid Platinum Edition,"£118,800.00"
2023,Porsche,Panamera 4 Platinum Edition,"£109,300.00"
2023,Porsche,Panamera Platinum Edition,"£105,100.00"
2023,Porsche,911 Turbo Cabriolet,"£195,700.00"
2023,Porsche,911 Targa Edition 50 Years Porsche Design,"£186,200.00"
2023,Porsche,911 Carrera GTS Cabriolet America,"£184,920.00"
2023,Porsche,911 Carrera 4 GTS Cabriolet,"£162,700.00"
2023,Porsche,718 Cayman S,"£75,400.00"
2023,Porsche,718 Cayman GTS 4.0,"£90,300.00"
2023,Porsche,718 Cayman T,"£72,500.00"
2023,Porsche,Panamera Hybrid,"£109,000.00"
2023,Porsche,Taycan Sport Turismo,"£136,000.00"
2023,Porsche,911 GT3 Touring Package,"£169,700.00"
2023,Porsche,911 GT3 Touring,"£170,000.00"
2023,Porsche,Macan,"£57,500.00"
2023,Porsche,Panamera 4,"£97,000.00"
2023,Porsche,Panamera,"£88,400.00"
2023,Porsche,911 Turbo S Cabriolet,"£228,900.00"
2023,Infiniti,QX50,"£40,300.00"
2023,Infiniti,QX80 Sensory AWD,"£87,450.00"
2023,Infiniti,QX80 Premium Select AWD,"£80,400.00"
2023,Infiniti,QX80 Luxe AWD,"£75,800.00"
2023,Infiniti,QX65,"£49,200.00"
2023,Infiniti,Q50 Red Sport 400 AWD,"£58,500.00"
2023,Infiniti,Q50 3.0t Luxe AWD,"£44,650.00"
2023,Infiniti,QX50 SPORT,"£48,500.00"
2023,Infiniti,Q50 3.0t SENSORY,"£48,350.00"
2023,Infiniti,QX80,"£72,700.00"
2023,Infiniti,QX60 SENSORY,"£58,600.00"
2023,Infiniti,QX55 Sensory AWD,"£58,050.00"
2023,Infiniti,Q60 Red Sport 400 AWD,"£61,200.00"
2023,Infiniti,QX55,"£49,150.00"
2023,Infiniti,Q50 3.0t Sensory AWD,"£50,350.00"
2023,Infiniti,QX60 AUTOGRAPH FWD,"£63,600.00"
2023,Infiniti,QX50 SENSORY AWD,"£54,500.00"
2023,Infiniti,QX50 AUTOGRAPH,"£57,950.00"
2023,Infiniti,QX50 SENSORY,"£52,800.00"
2023,Infiniti,QX50 Pure AWD,"£42,300.00"
2023,Infiniti,Q60 3.0t Pure AWD,"£45,750.00"
2023,Infiniti,QX50 ESSENTIAL,"£48,800.00"
2023,Infiniti,QX50 Luxe,"£43,600.00"
2023,Infiniti,QX50 Luxe AWD,"£45,350.00"
2023,Infiniti,QX50 Pure,"£40,300.00"
2023,Infiniti,Q60 Red Sport 400,"£59,200.00"
2023,Infiniti,QX80 Sensory,"£84,350.00"
2023,Infiniti,QX80 Premium Select,"£75,900.00"
2023,Infiniti,QX80 Luxe,"£72,700.00"
2023,Infiniti,Q60 3.0t Luxe,"£52,300.00"
2023,Infiniti,QX55 Sensory,"£57,800.00"
2023,Infiniti,Q60,"£43,250.00"
2023,Infiniti,Q60 3.0t Pure,"£42,750.00"
2023,Infiniti,Q50,"£42,650.00"
2023,Infiniti,QX60 Pure,"£49,200.00"
2023,Infiniti,Q50 Red Sport 400,"£56,500.00"
2023,Infiniti,Q50 3.0t Sensory,"£48,350.00"
2023,Jaguar,I-Pace 90kWh,"£71,300.00"
2023,Jaguar,I Pace EV400,"£69,900.00"
2023,Jaguar,I Pace EV320,"£79,090.00"
2023,Jaguar,F-Pace SVR Edition 1988,"£110,000.00"
2023,Jaguar,F-Type Coupe,"£73,400.00"
2023,Jaguar,F-Pace,"£52,400.00"
2023,Jaguar,E-Pace,"£48,000.00"
2023,Jaguar,F-Type 75 Special Edition,"£86,000.00"
2023,Jaguar,F-Type Convertible,"£76,700.00"
2023,Jaguar,F-Type P450 Convertible,"£75,000.00"
2023,Jaguar,I-Pace,"£71,300.00"
2023,Jaguar,XF Sedan,"£47,000.00"
2023,Jaguar,I-Pace HSE,"£71,300.00"
2023,Jaguar,I Pace,"£87,230.00"
2023,Jaguar,F Type P450 R Dynamic Coupe,"£73,050.00"
2023,Jaguar,F Type P450 R Dynamic,"£87,200.00"
2023,Jaguar,F Type P450,"£76,700.00"
2023,Jaguar,F-Type P450 R-Dynamic Coupe,"£83,900.00"
2023,Jaguar,I-Pace EV400,"£71,000.00"
2023,Jaguar,F-Type P450 R-Dynamic Convertible,"£85,000.00"
2023,Jaguar,F-Type P380 Coupe,"£81,900.00"
2023,Jaguar,F-Type P300 Coupe,"£63,900.00"
2023,Jaguar,F Pace SVR,"£89,500.00"
2023,Jaguar,F Pace P250 S,"£56,000.00"
2023,Jaguar,F Type P450 Coupe,"£76,700.00"
2023,Jaguar,F-Pace SVR,"£89,500.00"
2023,Jaguar,F-Type R Convertible,"£111,200.00"
2023,Jaguar,F-Pace P400 R-Dynamic S,"£64,800.00"
2023,Jaguar,F-Pace P340 S,"£60,600.00"
2023,Jaguar,F-Type P450 Coupe,"£73,400.00"
2023,Jaguar,F-Pace P250 S,"£56,000.00"
2023,Jaguar,F-Pace P250,"£52,400.00"
2023,Cadillac,CT4 Blackwing,"£60,990.00"
2023,Cadillac,Lyriq Tech,"£57,190.00"
2023,Cadillac,CT4 Premium,"£39,590.00"
2023,Cadillac,CT5-V Base,"£50,995.00"
2023,Cadillac,XT5,"£44,190.00"
2023,Cadillac,XT4,"£36,295.00"
2023,Cadillac,Escalade ESV,"£82,295.00"
2023,Cadillac,Escalade,"£79,290.00"
2023,Cadillac,CT5,"£38,195.00"
2023,Cadillac,CT4,"£34,390.00"
2023,Cadillac,Lyriq RWD,"£63,000.00"
2023,Cadillac,CT5 Blackwing,"£85,990.00"
2023,Cadillac,XT6,"£49,000.00"
2023,Cadillac,XT5 Luxury,"£44,190.00"
2023,Cadillac,Escalade ESV Premium Luxury,"£91,090.00"
2023,Cadillac,Escalade Premium Luxury Platinum,"£105,595.00"
2023,Cadillac,CT5-V Blackwing,"£91,995.00"
2023,Cadillac,CT5-V,"£50,990.00"
2023,Cadillac,CT4-V Blackwing,"£60,495.00"
2023,Cadillac,CT4-V,"£46,590.00"
2023,Cadillac,Escalade Esv Sport Platinum 4wd,"£115,590.00"
2023,Cadillac,Lyriq,"£57,190.00"
2023,Cadillac,Lyriq Luxury AWD,"£63,790.00"
2023,Cadillac,Escalade-V ESV,"£152,195.00"
2023,Cadillac,XT6 Premium,"£53,990.00"
2023,Cadillac,Escalade Sport Platinum 4WD,"£114,590.00"
2023,Cadillac,Escalade Premium Luxury 4WD,"£89,890.00"
2023,Land Rover,Defender 130,"£90,980.00"
2023,Land Rover,ge Rover Sport Deer Valley Edition,"£165,000.00"
2023,Land Rover,New Range Rover,"£104,500.00"
2023,Land Rover,ge Rover SV Lansdowne Edition,"£301,000.00"
2023,Land Rover,ge Rover Velar P400 HST,"£79,200.00"
2023,Land Rover,ge Rover P565 SVAutobiography LWB,"£215,200.00"
2023,Land Rover,ge Rover P565 SVAutobiography Dynamic,"£186,700.00"
2023,Land Rover,ge Rover P525 Autobiography LWB,"£154,000.00"
2023,Land Rover,ge Rover P525 Westminster LWB,"£119,900.00"
2023,Land Rover,ge Rover Hybrid P440e SE PHEV,"£108,400.00"
2023,Land Rover,ge Rover P530 SV,"£193,100.00"
2023,Land Rover,Discovery Sport P250 R-Dynamic SE,"£48,500.00"
2023,Land Rover,Defender 110 Carpathian Edition,"£118,400.00"
2023,Land Rover,Defender 130 X,"£99,900.00"
2023,Land Rover,Defender First Edition,"£84,700.00"
2023,Land Rover,Defender 130 X-Dynamic SE,"£81,400.00"
2023,Land Rover,Defender 130 S,"£68,000.00"
2023,Land Rover,ge Rover Velar,"£60,300.00"
2023,Land Rover,ge Rover Evoque,"£45,000.00"
2023,Land Rover,Discovery Sport,"£43,300.00"
2023,Land Rover,Discovery,"£58,400.00"
2023,Land Rover,Discovery Sport P250 R-Dynamic S,"£45,100.00"
2023,Land Rover,ge Rover Velar P340 R-Dynamic S,"£69,200.00"
2023,Land Rover,ge Rover 3.0 I Diesel Lwb Se,"£369,940.00"
2023,Land Rover,ge Rover SV Carmel Edition,"£345,000.00"
2023,Land Rover,ge Rover 3.0 l Petrol LWB SE,"£397,180.00"
2023,Land Rover,ge Rover 4.4 I Petrol SE,"£373,070.00"
2023,Land Rover,ge Rover 3.0 l Petrol HSE,"£408,680.00"
2023,Jeep,Wrangler Willys 4xe plug-in hybrid,"£54,730.00"
2023,Jeep,Wagoneer,"£58,990.00"
2023,Jeep,Grand Wagoneer L,"£91,490.00"
2023,Jeep,Grand Cherokee L,"£43,030.00"
2023,Jeep,Grand Cherokee 4xe,"£59,860.00"
2023,Jeep,Cherokee,"£37,690.00"
2023,Jeep,Wrangler Rubicon 20th Anniversary Edition,"£69,590.00"
2023,Jeep,Wrangler Rubicon Edition,"£69,590.00"
2023,Jeep,Wrangler Unlimited Rubicon Farout,"£47,490.00"
2023,Jeep,Wrangler Unlimited Freedom,"£35,190.00"
2023,Jeep,Wrangler Base,"£54,730.00"
2023,Jeep,Wagoneer Base,"£58,990.00"
2023,Jeep,Compass Sport,"£29,990.00"
2023,Jeep,Cherokee Altitude Lux,"£37,695.00"
2023,Jeep,Grand Cherokee,"£41,030.00"
2023,Jeep,Wrangler High Tide Edition,"£53,400.00"
2023,Jeep,Compass,"£35,495.00"
2023,Jeep,Grand Wagoneer Series III,"£71,220.00"
2023,Jeep,Grand Wagoneer Series II Obsidian,"£95,090.00"
2023,Jeep,Wrangler Unlimited Willys,"£35,190.00"
2023,Jeep,Gladiator Rubicon,"£50,990.00"
2023,Jeep,Grand Wagoneer L Series II Obsidian,"£98,090.00"
2023,Jeep,Wagoneer L,"£62,490.00"
2023,Jeep,Wagoneer L Series II Carbide 4x4,"£71,080.00"
2023,Jeep,Wagoneer L Series II Carbide,"£68,080.00"
2023,Jeep,Wrangler Unlimited High Altitude,"£45,620.00"
2023,Jeep,Avenger,"£33,000.00"
2023,Jeep,Grand Cherokee L Altitude 4x4,"£44,320.00"
2023,Jeep,Gladiator Freedom,"£38,770.00"
2023,Jeep,Gladiator,"£38,770.00"
2023,Jeep,Wrangler,"£31,190.00"
2023,Jeep,Wrangler Unlimited High Altitude 4xe plug-in hybrid,"£56,840.00"
2023,Jeep,Wagoneer L Series III 4x4,"£77,220.00"
2023,Jeep,Wagoneer L Series III,"£74,220.00"
2023,Jeep,Wagoneer L Series II 4x4,"£71,080.00"
2023,Jeep,Wagoneer L Series II,"£68,080.00"
2023,Jeep,Wrangler Unlimited Sahara 4xe plug-in hybrid,"£56,840.00"
2023,Jeep,Gladiator Mojave,"£50,250.00"
2023,Jeep,Wagoneer L Series I 4x4,"£65,490.00"
2023,Volkswagen,ID.4 GTX,"£57,540.00"
2023,Volkswagen,Polo GTI Edition 25,"£25,500.00"
2023,Volkswagen,ID. 2all,"£27,610.00"
2023,Volkswagen,ID.3 GTX,"£55,050.00"
2023,Volkswagen,ID.7 86kWh,"£43,590.00"
2023,Volkswagen,ID.7 77kWh,"£38,000.00"
2023,Volkswagen,Golf GTI 40th Anniversary Edition DSG,"£33,050.00"
2023,Volkswagen,Atlas Cross Sport 3.6L V6 SE With Technology,"£40,380.00"
2023,Volkswagen,Atlas Cross Sport 2.0T SE with Technology,"£38,630.00"
2023,Volkswagen,ID.7 Pro,"£40,000.00"
2023,Volkswagen,ID.4 Pro S Plus,"£51,440.00"
2023,Volkswagen,Atlas Cross Sport 3.6L V6 SEL Premium R-Line,"£51,620.00"
2023,Volkswagen,Atlas Cross Sport 3.6L V6 SEL R-Line Black,"£47,930.00"
2023,Volkswagen,Atlas Cross Sport 2.0T SEL R-Line Black,"£46,180.00"
2023,Volkswagen,Atlas Cross Sport 3.6L V6 SEL,"£45,980.00"
2023,Volkswagen,ID.7,"£38,000.00"
2023,Volkswagen,T-Roc Cabriolet Grey Edition,"£49,000.00"
2023,Volkswagen,Amarok,"£30,000.00"
2023,Volkswagen,Golf GTI 40th Anniversary Edition,"£33,050.00"
2023,Volkswagen,Atlas V6 SEL R-Line Black,"£48,090.00"
2023,Volkswagen,Atlas V6 SEL,"£46,140.00"
2023,Volkswagen,Multivan Edition,"£65,000.00"
2023,Volkswagen,ID.4 S,"£43,990.00"
2023,Volkswagen,Tiguan S,"£26,590.00"
2023,Volkswagen,Tiguan SE R-Line Black,"£33,310.00"
2023,Volkswagen,Tiguan SEL R-Line,"£37,680.00"
2023,Volkswagen,Tiguan,"£26,590.00"
2023,Volkswagen,Passat,"£27,970.00"
2023,Volkswagen,Jetta GLI,"£31,340.00"
2023,Volkswagen,Jetta,"£20,410.00"
2023,Maserati,GT2 Racecar,"£212,000.00"
2023,Maserati,Grecale Folgore,"£80,000.00"
2023,Maserati,GranTurismo Modena,"£130,120.00"
2023,Maserati,GranTurismo Folgore,"£215,000.00"
2023,Maserati,Quattroporte,"£104,700.00"
2023,Maserati,Levante,"£87,600.00"
2023,Maserati,Ghibli,"£82,300.00"
2023,Maserati,Ghibli F Tributo Q4,"£120,390.00"
2023,Maserati,Ghibli F Tributo,"£110,890.00"
2023,Maserati,Grecale Trofeo,"£102,500.00"
2023,Maserati,MC20 Cielo,"£240,000.00"
2023,Maserati,Grecale Trofeo Trofeo,"£102,500.00"
2023,Maserati,Ghibli S,"£80,990.00"
2023,Maserati,Levante Trofeo 3.8L,"£169,100.00"
2023,Maserati,Grecale Modena,"£72,900.00"
2023,Maserati,Grecale GT,"£63,500.00"
2023,Maserati,Quattroporte Modena Q4 3.0L,"£130,300.00"
2023,Maserati,Ghibli S Q4,"£84,100.00"
2023,Maserati,Ghibli GranSport,"£84,690.00"
2023,Maserati,Quattroporte GT 3.0L,"£98,000.00"
2023,Maserati,Quattroporte Trofeo 3.8L,"£151,500.00"
2023,Maserati,Ghibli GT 3.0L,"£78,200.00"
2023,Maserati,Grecale SUV,"£63,500.00"
2023,Maserati,MC20,"£220,000.00"
2023,Maserati,GranTurismo Sport,"£135,000.00"
2023,Maserati,Levante Modena S,"£123,200.00"
2023,Maserati,Levante GT,"£87,600.00"
2023,Maserati,Levante Trofeo,"£161,400.00"
2023,Maserati,Grecale,"£63,500.00"
2023,Maserati,Ghibli Trofeo,"£118,500.00"
2023,Maserati,Ghibli Modena Q4,"£91,600.00"
2023,Maserati,Ghibli Modena S,"£82,900.00"
2023,Maserati,Ghibli Modena,"£88,900.00"
2023,Maserati,Quattroporte GT,"£104,700.00"
2023,Maserati,Quattroporte Modena Q4,"£120,200.00"
2023,Subaru,WRX Premium,"£33,100.00"
2023,Subaru,Levorg STI Sport Performance Wagon,"£45,000.00"
2023,Subaru,Ascent Onyx Edition Limited,"£46,290.00"
2023,Subaru,Forester XT Edition,"£25,400.00"
2023,Subaru,Rex,"£13,000.00"
2023,Subaru,Forester 2.5X,"£24,300.00"
2023,Subaru,Legacy Sport,"£33,890.00"
2023,Subaru,BRZ Limited,"£31,095.00"
2023,Subaru,Outback Onyx Edition,"£33,490.00"
2023,Subaru,Legacy Premium,"£26,695.00"
2023,Subaru,Legacy Limited,"£31,440.00"
2023,Subaru,Legacy,"£24,390.00"
2023,Subaru,WRX Sedan,"£30,600.00"
2023,Subaru,BRZ,"£28,590.00"
2023,Subaru,WRX GT Sedan,"£43,390.00"
2023,Subaru,Ascent Onyx Edition,"£41,290.00"
2023,Subaru,Forester STI Sport,"£36,490.00"
2023,Subaru,WRX Limited CVT,"£39,740.00"
2023,Subaru,WRX Premium CVT,"£35,150.00"
2023,Subaru,Solterra Touring,"£51,990.00"
2023,Subaru,Solterra Limited,"£48,490.00"
2023,Subaru,WRX GT,"£43,390.00"
2023,Subaru,Crosstrek Limited,"£29,495.00"
2023,Dodge,Challenger Mopar Special Edition,"£55,900.00"
2023,Dodge,Durango SRT 392 Premium,"£72,715.00"
2023,Dodge,Durango SRT 392 Plus,"£72,710.00"
2023,Dodge,Durango SRT,"£70,290.00"
2023,Dodge,Challenger SRT Demon 170,"£96,660.00"
2023,Dodge,Hornet RT Plus PHEV,"£44,990.00"
2023,Dodge,Hornet R/T Plus PHEV,"£44,990.00"
2023,Dodge,Durango SXT Plus,"£38,490.00"
2023,Dodge,Charger Scat Pack Widebody,"£48,740.00"
2023,Dodge,Charger Pursuit Police,"£43,080.00"
2023,Dodge,Durango,"£51,590.00"
2023,Dodge,Hornet GT Plus,"£34,990.00"
2023,Dodge,Charger SRT Hellcat,"£77,340.00"
2023,Dodge,Challenger,"£30,540.00"
2023,Dodge,Charger Police AWD,"£42,630.00"
2023,Dodge,Charger Police,"£43,085.00"
2023,Dodge,Charger GT AWD,"£39,270.00"
2023,Dodge,Hornet R/T PHEV,"£39,990.00"
2023,Dodge,Hornet GT,"£29,990.00"
2023,Dodge,Durango SRT Hellcat,"£91,180.00"
2023,Dodge,Challenger SRT Hellcat Redeye,"£66,040.00"
2023,Dodge,Hornet,"£29,990.00"
2023,Dodge,Durango RT Plus,"£51,790.00"
2023,Dodge,Charger SRT Hellcat Redeye Widebody,"£77,340.00"
2023,Dodge,Durango R T Plus,"£50,800.00"
2023,Dodge,Charger SRT Hellcat Widebody,"£77,340.00"
2023,Dodge,Durango GT AWD,"£42,590.00"
2023,Dodge,Durango Citadel,"£52,490.00"
2023,Dodge,Charger RT,"£40,740.00"
2023,Dodge,Charger R/T,"£42,380.00"
2023,Dodge,Charger GT,"£35,340.00"
2023,Dodge,Charger Scat Pack,"£48,740.00"
2023,Mazda,BT 50 SP Pro,"£30,000.00"
2023,Mazda,MX-5 Kizuna,"£35,000.00"
2023,Mazda,CX-90 Hybrid Premium Plus,"£56,950.00"
2023,Mazda,CX-90 Hybrid Premium,"£52,900.00"
2023,Mazda,CX-90 Hybrid Preferred,"£47,440.00"
2023,Mazda,2,"£17,750.00"
2023,Mazda,CX-30 Turbo,"£31,200.00"
2023,Mazda,MX-5 Miata Sport,"£28,050.00"
2023,Mazda,3 Sedan 2.5 S Premium,"£29,400.00"
2023,Mazda,3 Sedan 2.5 S Carbon Edition,"£27,200.00"
2023,Mazda,3 Hatchback 2.5 S Premium,"£29,150.00"
2023,Mazda,3 Hatchback 2.5 S Carbon Edition,"£28,200.00"
2023,Mazda,CX-30 2.5 Turbo Premium Plus Package,"£35,400.00"
2023,Mazda,MX-30 e-Skyactiv R-EV,"£35,470.00"
2023,Mazda,MX-30,"£34,470.00"
2023,Mazda,MX-5 Miata RF,"£35,750.00"
2023,Mazda,6 20th Anniversary Edition,"£32,450.00"
2023,Mazda,CX-80,"£44,000.00"
2023,Mazda,3 Sedan 2.5 S Preferred,"£25,550.00"
2023,Mazda,MX-5 Miata,"£28,000.00"
2023,Mazda,3 Sedan,"£22,550.00"
2023,Mazda,3 Hatchback,"£23,550.00"
2023,Mazda,CX-5,"£26,700.00"
2023,Mazda,CX-9,"£38,750.00"
2023,Mazda,MX-5 Miata Club,"£31,550.00"
2023,Mazda,Cx 50 2.5 Turbo Meridian Edition,"£43,000.00"
2023,Mazda,CX-5 2.5 S Premium,"£33,000.00"
2023,Mazda,CX-5 2.5 S Preferred,"£30,190.00"
2023,Chrysler,Pacifica Pinnacle Plug-in Hybrid,"£59,990.00"
2023,Chrysler,300 S,"£50,970.00"
2023,Chrysler,300C,"£55,000.00"
2023,Chrysler,Voyager,"£33,000.00"
2023,Chrysler,Pacifica Hybrid,"£49,990.00"
2023,Chrysler,Pacifica,"£37,020.00"
2023,Chrysler,Pacifica Plug in Hybrid Touring L,"£52,490.00"
2023,Chrysler,Pacifica Pinnacle AWD,"£53,980.00"
2023,Chrysler,Pacifica Touring L AWD,"£43,630.00"
2023,Chrysler,300 Touring AWD,"£36,290.00"
2023,Chrysler,Pacifica Limited AWD,"£50,650.00"
2023,Chrysler,Pacifica Plug-in Hybrid Pinnacle,"£59,990.00"
2023,Chrysler,Pacifica Plug-in Hybrid Touring L,"£50,490.00"
2023,Chrysler,Pacifica Touring L,"£40,630.00"
2023,Chrysler,Pacifica Touring,"£37,020.00"
2023,Chrysler,300 Touring,"£33,540.00"
2023,Chrysler,300 Touring L AWD,"£38,990.00"
2023,Chrysler,300 Touring L,"£36,740.00"
2023,Chrysler,Pacifica Plug-in Hybrid Limited,"£54,490.00"
2023,Chrysler,300S,"£50,970.00"
2023,Chrysler,Pacifica Limited,"£47,850.00"
2023,Chrysler,Pacifica Pinnacle,"£53,980.00"
2023,Chrysler,Voyager LX,"£35,490.00"
2023,Chrysler,Voyager L,"£29,930.00"
2023,Chrysler,Voyager LXI,"£35,240.00"
2023,Chrysler,Pacifica Hybrid Limited,"£48,370.00"
2023,Chrysler,300,"£33,540.00"
2023,Aston Martin,Vantage Coupe,"£143,900.00"
2023,Aston Martin,V12 Vantage Convertible,"£348,700.00"
2023,Aston Martin,DBR22,"£2,160,000.00"
2023,Aston Martin,DB11 Volante,"£233,200.00"
2023,Aston Martin,DBS 770 Ultimate,"£330,600.00"
2023,Aston Martin,Valkyrie Spider,"£3,250,000.00"
2023,Aston Martin,Vanquish,"£336,480.00"
2023,Aston Martin,Vantage V12 Roadster,"£168,180.00"
2023,Aston Martin,V12 Vantage Coupe,"£298,200.00"
2023,Aston Martin,DBR22,"£2,160,000.00"
2023,Aston Martin,DBS Volante RWD,"£354,700.00"
2023,Aston Martin,Vanquish Manual,"£460,000.00"
2023,Aston Martin,Valkyrie AMR PRO,"£3,500,000.00"
2023,Aston Martin,V12 Vantage,"£298,200.00"
2023,Aston Martin,DBX 707,"£207,680.00"
2023,Aston Martin,R Pro,"£3,500,000.00"
2023,Aston Martin,DBS,"£330,600.00"
2023,Aston Martin,Vantage Roadster F1 Edition,"£179,800.00"
2023,Aston Martin,Vantage Roadster F1 Edition Convertible,"£189,800.00"
2023,Aston Martin,Vantage F1 Edition,"£168,500.00"
2023,Aston Martin,DB11 V12,"£232,500.00"
2023,Aston Martin,DB11 V8,"£295,600.00"
2023,Aston Martin,DBX V8,"£185,900.00"
2023,Aston Martin,Vantage Coupe Manual,"£1,280,000.00"
2023,Aston Martin,Valhalla Coupe,"£1,280,000.00"
2023,Aston Martin,Dbx Coupe,"£188,900.00"
2023,Aston Martin,DB11 V8 Coupe,"£217,000.00"
2023,Aston Martin,DB11 V8 Volante,"£233,200.00"
2023,Aston Martin,Vantage Roadster,"£155,100.00"
2023,Aston Martin,DB11 AMR,"£265,900.00"
2023,Aston Martin,Vantage Coupe,"£143,900.00"
2023,Aston Martin,DBS Coupe,"£330,600.00"
2023,Aston Martin,Valkyrie,"£3,600,000.00"
2023,Aston Martin,DBS Superleggera,"£366,300.00"
2023,Aston Martin,DBS Volante,"£349,800.00"
2023,Aston Martin,DBX SUV,"£185,900.00"
2023,Ferrari,KC23,"£510,000.00"
2023,Ferrari,SF90 Spider Mansory Edition,"£700,000.00"
2023,Ferrari,SF90 Spider Limited Edition,"£700,000.00"
2023,Ferrari,812 Competizione,"£603,000.00"
2023,Ferrari,Roma,"£222,620.00"
2023,Ferrari,812 Competizione A,"£672,000.00"
2023,Ferrari,296 GTB Assetto Fiorano,"£380,900.00"
2023,Ferrari,Monza SP2,"£1,800,000.00"
2023,Ferrari,812 GTS,"£431,500.00"
2023,Ferrari,F8 Tributo,"£300,000.00"
2023,Ferrari,296 GTB Coupe,"£361,400.00"
2023,Ferrari,F8 Spider,"£322,500.00"
2023,Ferrari,296 GTS,"£400,000.00"
2023,Ferrari,812 Superfast,"£630,000.00"
2023,Ferrari,Daytona SP3,"£2,350,000.00"
2023,Ferrari,296 GTB Assetto Fiorano Coupe,"£380,900.00"
2023,Ferrari,296 GTB,"£351,400.00"
2023,Ferrari,Purosangue SUV,"£326,800.00"
2023,Ferrari,SF90 Stradale,"£557,000.00"
2023,Ferrari,Purosangue,"£400,000.00"
2023,Lamborghini,Huracan Sterrato Opera Unica,"£267,000.00"
2023,Lamborghini,Urus Mansory Edition,"£230,000.00"
2023,Lamborghini,Urus Performante,"£260,670.00"
2023,Lamborghini,Aventador LP780-4 Ultimae Roadster,"£546,840.00"
2023,Lamborghini,Aventador LP780-4 Ultimae,"£498,250.00"
2023,Lamborghini,Huracan Evo RWD,"£230,000.00"
2023,Lamborghini,Huracan Tecnica,"£239,000.00"
2023,Lamborghini,Aventador,"£584,000.00"
2023,Lamborghini,Huracan Sterrato,"£270,000.00"
2023,Lamborghini,Huracan STO,"£387,830.00"
2023,Lamborghini,Aventador LP 780-4 Ultimae Roadster,"£606,840.00"
2023,Lamborghini,Countach,"£2,800,000.00"
2023,Lamborghini,Aventador LP 780 4 Ultimae Roadster,"£546,840.00"
2023,Lamborghini,Huracan Tecnica RWD,"£239,000.00"
2023,Lamborghini,Aventador LP740-4 S,"£417,820.00"
2023,Lamborghini,Aventador SVJ Roadster,"£573,960.00"
2023,Lamborghini,Urus Performance,"£270,000.00"
2023,Lamborghini,Urus Pearl Capsule,"£246,700.00"
2023,Lamborghini,Urus S,"£230,000.00"
2023,Lamborghini,Urus Evo,"£269,490.00"
2023,Lamborghini,Aventador Ultimae LP 780-4,"£518,250.00"
2023,Lamborghini,Huracan Tecnica Coupe,"£239,000.00"
2023,Lamborghini,Aventador Ultimate LP 780-4,"£538,250.00"
2023,Lamborghini,Countach LPI 800-4,"£2,640,000.00"
2023,Lamborghini,Sian Roadster,"£3,900,000.00"
2023,Lamborghini,Countach LPI 800 4,"£2,640,000.00"
2023,Lamborghini,Huracan STO RWD,"£377,838.00"
2023,Lamborghini,Aventador SVR Track-Only Edition,"£480,000.00"
2023,Lamborghini,Huracan Evo,"£291,200.00"
2023,Lamborghini,Urus,"£258,000.00"
2023,GMC,Aion Hyper SSR,"£186,000.00"
2023,GMC,Hummer EV SUV EV2x,"£94,650.00"
2023,GMC,Sierra 3500HD,"£43,400.00"
2023,GMC,Canyon Elevation 4WD,"£40,200.00"
2023,GMC,Yukon XL Denali Ultimate,"£97,250.00"
2023,GMC,Yukon Denali Ultimate,"£94,550.00"
2023,GMC,Savana Passenger Van 3500 LT,"£43,500.00"
2023,GMC,Savana Passenger Van 3500 LS,"£43,500.00"
2023,GMC,Savana Passenger Van 2500 LT,"£42,300.00"
2023,GMC,Savana Passenger Van 2500 LS,"£42,300.00"
2023,GMC,Canyon Denali,"£51,000.00"
2023,GMC,Yukon,"£57,400.00"
2023,GMC,Sierra EV Denali,"£55,600.00"
2023,GMC,Sierra 2500HD,"£42,200.00"
2023,GMC,Hummer EV,"£108,700.00"
2023,GMC,Yukon Denali,"£92,350.00"
2023,GMC,Yukon XL,"£60,100.00"
2023,GMC,Terrain,"£28,400.00"
2023,GMC,Acadia,"£35,300.00"
2023,GMC,Canyon AT4,"£43,900.00"
2023,GMC,Canyon Elevation Standard,"£28,800.00"
2023,GMC,Canyon AT4X,"£55,500.00"
2023,GMC,Sierra 1500 AT4X,"£81,700.00"
2023,Bentley,Continental GT Le Mans Collection,"£273,300.00"
2023,Bentley,Bentayga EWB Azure,"£843,190.00"
2023,Bentley,Flying Spur Mulliner W12,"£315,200.00"
2023,Bentley,Flying Spur Mulliner V8,"£299,200.00"
2023,Bentley,Flying Spur Azure,"£250,300.00"
2023,Bentley,Flying Spur Hybrid Mulliner,"£297,400.00"
2023,Bentley,Flying Spur Hybrid Azure,"£249,100.00"
2023,Bentley,Flying Spur Hybrid S,"£240,500.00"
2023,Bentley,Continental GT Mulliner Convertible,"£326,200.00"
2023,Bentley,Continental GT Azure,"£311,000.00"
2023,Bentley,Continental GT S Convertible,"£292,500.00"
2023,Bentley,Continental GT V8,"£235,600.00"
2023,Bentley,Bentayga Azure Extended Wheelbase,"£35,750.00"
2023,Bentley,Bentayga V8 Extended Wheelbase,"£226,900.00"
2023,Bentley,Bentayga Odyssean Edition,"£334,000.00"
2023,Bentley,Continental GT Speed,"£288,500.00"
2023,Bentley,Continental GT V8 Convertible,"£259,200.00"
2023,Bentley,Bentayga Speed,"£264,600.00"
2023,Bentley,Batur,"£1,950,000.00"
2023,Bentley,Flying Spur,"£241,200.00"
2023,Bentley,Mulliner Batur,"£1,950,000.00"
2023,Bentley,Continental GT S,"£225,000.00"
2023,Bentley,Bentayga Extended Wheelbase Range,"£160,000.00"
2023,Bentley,Bentayga EWB,"£160,000.00"
2023,Bentley,Bentayga Extended Wheelbase,"£263,500.00"
2023,Bentley,Bentayga,"£236,900.00"
2023,Bentley,Flying Spur Hybrid Odyssean Edition,"£408,940.00"
2023,Bentley,Bentayga W12 Speed,"£280,000.00"
2023,Bentley,Flying Spur Sedan,"£248,900.00"
2023,Bentley,Bentayga V8,"£197,300.00"
2023,Bentley,Flying Spur Mulliner,"£226,000.00"
2023,Bentley,Bacalar Mulliner,"£2,155,280.00"
2023,Bentley,Flying Spur Speed,"£258,700.00"
2023,Bentley,Continental Mulliner Convertible,"£252,080.00"
2023,Bentley,Continental V8 Convertible,"£249,600.00"
2023,Bentley,Continental V8 Coupe,"£212,500.00"
2023,Bentley,Continental Mulliner,"£212,500.00"
2023,Bentley,Bentayga Hybrid,"£197,300.00"
2023,Bentley,Continental GT Speed Coupe,"£294,900.00"
2023,Bentley,Bentayga S,"£231,100.00"
2023,Bentley,Flying Spur V8,"£208,600.00"
2023,Bentley,Flying Spur Hybrid,"£214,800.00"
2023,Bentley,Continental GT Speed Convertible,"£317,300.00"
2023,Bentley,Flying Spur W12,"£315,200.00"
2023,Bugatti,W16 Mistral,"£5,000,000.00"
2023,Bugatti,W16,"£5,000,000.00"
2023,Bugatti,Chiron Super Sport 300 Plus,"£3,900,000.00"
2023,Bugatti,Chiron Edition Noire,"£2,990,000.00"
2023,Bugatti,Chiron,"£3,400,000.00"
2023,Bugatti,Chiron Super Sport,"£3,850,000.00"
2023,Rolls Royce,Spectre,"£400,000.00"
2023,Rolls Royce,Cullinan Black Badge,"£382,000.00"
2023,Rolls Royce,Ghost Black Badge,"£380,500.00"
2023,Rolls Royce,Wraith Coupe,"£655,000.00"
2023,Rolls Royce,Phantom Extended,"£605,000.00"
2023,Rolls Royce,Ghost Extended,"£408,000.00"
2023,Rolls Royce,Phantom,"£465,000.00"
2023,Rolls Royce,Wraith,"£469,700.00"
2023,Rolls Royce,Cullinan,"£348,500.00"
2023,Rolls Royce,Ghost V12,"£345,000.00"
2023,Rolls Royce,Dawn,"£438,050.00"
2023,Rolls Royce,Ghost,"£341,500.00"
2023,Mclaren,720S,"£528,990.00"
2023,Mclaren,P1 3.8L V8,"£1,525,100.00"
2023,Mclaren,720S Performance Spider,"£428,960.00"
2023,Mclaren,720S Spider,"£408,800.00"
2023,Mclaren,P1 Spider,"£1,200,000.00"
2023,Mclaren,Formula F1,"£410,000.00"
2023,Mclaren,720S Luxury,"£545,700.00"
2023,Mclaren,600LT Spider,"£256,500.00"
2023,Mclaren,570S Coupe,"£455,700.00"
2023,Mclaren,720S Luxury Spider,"£329,000.00"
2023,Mclaren,620R,"£319,000.00"
2023,Mclaren,765LT Spider,"£398,000.00"
2023,Mclaren,720S Coupe,"£399,000.00"
2023,Mclaren,570GT,"£223,950.00"
2023,Mclaren,720S Performance,"£582,580.00"
2023,Mclaren,Artura,"£237,500.00"
2023,Alfa Romeo,Stelvio Veloce,"£51,520.00"
2023,Alfa Romeo,Stelvio Quadrifoglio 100th Anniversary,"£85,670.00"
2023,Alfa Romeo,Giulia Quadrifoglio 100th Anniversary,"£81,850.00"
2023,Alfa Romeo,Giulia Lusso AWD,"£48,320.00"
2023,Alfa Romeo,Giulia Lusso,"£46,320.00"
2023,Alfa Romeo,Sprint Q4 AWD,"£38,000.00"
2023,Alfa Romeo,Tonale Ti PHEV Q4,"£44,990.00"
2023,Alfa Romeo,Giulia Sprint AWD,"£45,950.00"
2023,Alfa Romeo,Stelvio Ti AWD,"£87,850.00"
2023,Alfa Romeo,Stelvio Estrema,"£51,150.00"
2023,Alfa Romeo,Stelvio Sprint AWD,"£46,200.00"
2023,Alfa Romeo,Giulia AWD,"£45,950.00"
2023,Alfa Romeo,Giulia,"£46,320.00"
2023,Alfa Romeo,Giulia Veloce AWD,"£47,990.00"
2023,Alfa Romeo,Giulia Estrema AWD,"£47,990.00"
2023,Alfa Romeo,Giulia Estrema,"£46,320.00"
2023,Alfa Romeo,Giulia Ti AWD,"£47,990.00"
2023,Alfa Romeo,Giulia Veloce,"£46,320.00"
2023,Alfa Romeo,Giulia Sprint,"£44,350.00"
2023,Alfa Romeo,Giulia Veloce Ti AWD,"£46,090.00"
2023,Alfa Romeo,Stelvio AWD,"£48,200.00"
2023,Alfa Romeo,Giulia Ti Sport AWD,"£45,700.00"
2023,Alfa Romeo,Stelvio,"£51,525.00"
2023,Alfa Romeo,Stelvio Quadrifoglio,"£85,670.00"
2023,Alfa Romeo,Stelvio Ti,"£51,150.00"
2023,Alfa Romeo,Stelvio Veloce Ti,"£51,150.00"
2023,Alfa Romeo,Giulia Ti,"£46,320.00"
2023,Lincoln,Corsair,"£38,690.00"
2023,Lincoln,Navigator L Black Label,"£112,300.00"
2023,Lincoln,Navigator L,"£83,380.00"
2023,Lincoln,Navigator 4x2,"£79,720.00"
2023,Lincoln,Nautilus,"£44,820.00"
2023,Lincoln,Navigator L Standard 4x2,"£81,380.00"
2023,Lincoln,Aviator Livery RWD,"£51,080.00"
2023,Lincoln,Aviator Grand Touring,"£69,360.00"
2023,Lincoln,Navigator Reserve 4WD,"£91,740.00"
2023,Lincoln,SUV EV,"£72,000.00"
2023,Lincoln,Nautilus Reserve AWD,"£52,930.00"
2023,Lincoln,Navigator Standard 4x2,"£77,710.00"
2023,Lincoln,Navigator L Standard,"£82,720.00"
2023,Lincoln,Aviator Black Label Grand Touring,"£88,900.00"
2023,Lincoln,Aviator Grand Touring Plug In Hybrid,"£70,190.00"
2023,Lincoln,Navigator Standard AWD,"£80,710.00"
2023,Lincoln,Aviator Grand Touring Plug-In Hybrid,"£69,190.00"
2023,Lincoln,Corsair Standard AWD,"£39,400.00"
2023,Lincoln,Aviator Black Label Grand Touring Plug-In Hybrid,"£89,280.00"
2023,Lincoln,Navigator Reserve 4x4,"£94,630.00"
2023,Lincoln,Nautilus Reserve,"£51,040.00"
2023,Lincoln,Aviator Black Label,"£80,725.00"
2023,Lincoln,Aviator Reserve,"£58,670.00"
2023,Lincoln,Aviator Standard,"£53,340.00"
2023,Lincoln,Navigator Reserve,"£91,935.00"
2023,Lincoln,Navigator Black Label,"£109,250.00"
2023,Lincoln,Corsair Grand Touring Plug In Hybrid,"£52,420.00"
2023,Lincoln,Navigator Standard,"£79,720.00"
2023,Lincoln,Nautilus Standard AWD,"£46,000.00"
2023,Lincoln,Nautilus Standard,"£44,825.00"
2023,Lincoln,Corsair Grand Touring Plug-In Hybrid,"£53,380.00"
2023,Lincoln,Corsair Reserve AWD,"£45,120.00"
2023,Lincoln,Corsair Reserve,"£43,070.00"
2023,Lincoln,Corsair Standard,"£38,690.00"
2023,Lincoln,Aviator Livery,"£51,370.00"
2023,Volvo,EX30 Performance,"£47,300.00"
2023,Volvo,C40 Recharge Performance 82 kWh,"£55,330.00"
2023,Volvo,C40 Recharge Performance 78 kWh,"£59,450.00"
2023,Volvo,XC40 Recharge SR FWD,"£53,670.00"
2023,Volvo,EX90 Performance,"£80,000.00"
2023,Volvo,XC40 Recharge SR RWD,"£49,780.00"
2023,Volvo,XC90 Recharge,"£71,900.00"
2023,Volvo,S60 B5 AWD Core Dark Theme,"£43,600.00"
2023,Volvo,S60 B5 AWD Core Black Edition,"£45,250.00"
2023,Volvo,S60 B5 AWD Plus Dark Theme,"£46,300.00"
2023,Volvo,S60 B5 AWD Plus Black Edition,"£47,950.00"
2023,Volvo,S60 B5 AWD Ultimate Dark Theme,"£49,050.00"
2023,Volvo,S60 B5 AWD Ultimate Bright Theme,"£49,050.00"
2023,Volvo,S60 B5 AWD Ultimate Black Edition,"£50,300.00"
2023,Volvo,S60 Recharge T8 Core Plug-In Hybrid,"£51,250.00"
2023,Volvo,XC60 Recharge,"£57,200.00"
2023,Volvo,V90 Cross Country,"£58,450.00"
2023,Volvo,V60 Cross Country,"£48,800.00"
2023,Volvo,S60,"£41,300.00"
2023,Volvo,XC90 B5 Core,"£56,000.00"
2023,Volvo,EX90 Pure Electric,"£80,000.00"
2023,Volvo,C40 Recharge Pure Electric Twin Plus P8 eAWD,"£56,850.00"
2023,Volvo,XC40 Recharge LR,"£55,330.00"
2023,Volvo,XC40,"£46,500.00"
2023,Volvo,EX90 LR,"£113,940.00"
2023,Mini,Cooper S Countryman,"£31,900.00"
2023,Mini,Cooper Hardtop,"£23,400.00"
2023,Mini,John Cooper Works Countryman,"£41,500.00"
2023,Mini,Cooper Countryman Plug-in Hybrid,"£41,500.00"
2023,Mini,John Cooper Works Clubman,"£39,500.00"
2023,Mini,Cooper Clubman,"£29,900.00"
2023,Mini,Countryman,"£30,000.00"
2023,Mini,Countryman Cooper SE ALL4 Untamed Edition,"£42,500.00"
2023,Mini,Cooper Convertible,"£28,400.00"
2023,Mini,Hardtop John Cooper Works,"£35,900.00"
2023,Mini,Cooper Countryman ALL4,"£31,600.00"
2023,Mini,John Cooper Works Classic Convertible,"£38,900.00"
2023,Mini,Cooper S Countryman ALL4,"£37,500.00"
2023,Mini,Cooper S Hardtop 2-Door,"£26,900.00"
2023,Mini,Cooper Hardtop 4-Door,"£24,400.00"
2023,Mini,Cooper S Classic Hardtop 4-Door,"£27,900.00"
2023,Mini,Cooper S Hardtop 4-Door,"£27,900.00"
2023,Mini,Cooper Hardtop 2-Door,"£23,400.00"
2023,Mini,Cooper S Classic Hardtop 2-Door,"£26,900.00"
2023,Mini,Cooper Classic Hardtop 4-Door,"£24,400.00"
2023,Mini,Cooper Electric Hardtop,"£29,900.00"
2023,Mini,Cooper Hardtop Cooper Classic 2 Door,"£23,400.00"
2023,Mini,Cooper S Classic Countryman ALL4,"£33,900.00"
2023,Mini,Clubman Cooper S Classic ALL4 Clubman,"£32,900.00"
2023,Mini,Cooper SE Hardtop,"£33,900.00"
2023,Mini,Cooper SE Signature Hardtop,"£29,900.00"
2023,Acura,MDX 3.5L with Technology Package SH-AWD,"£56,450.00"
2023,Acura,RDX A-Spec Package SH-AWD,"£49,400.00"
2023,Acura,TLX Type S Performance Tire,"£56,350.00"
2023,Acura,ZDX Type S,"£64,500.00"
2023,Acura,ILX Premium & A-Spec Package,"£31,300.00"
2023,Acura,MDX 3.5L Technology,"£53,750.00"
2023,Acura,TLX Advance Package,"£51,050.00"
2023,Acura,MDX,"£49,050.00"
2023,Acura,TLX Type S PMC Edition,"£66,990.00"
2023,Acura,MDX SH-AWD With Technology Package,"£55,950.00"
2023,Acura,RDX PMC Edition,"£54,300.00"
2023,Acura,Integra Manual,"£35,800.00"
2023,Acura,Integra A-Spec Tech Package,"£36,300.00"
2023,Acura,Integra A-Spec Package,"£33,300.00"
2023,Acura,TLX 2.0T,"£39,850.00"
2023,Acura,TLX Technology Package,"£43,850.00"
2023,Acura,TLX A-Spec Package,"£46,600.00"
2023,Acura,Integra Base,"£31,300.00"
2023,Acura,MDX 3.5L SH-AWD,"£51,250.00"
2023,Acura,RDX Technology Package AWD,"£45,150.00"
2023,Acura,RDX SH-AWD,"£42,500.00"
2023,Acura,MDX Type S with Advance Package,"£73,200.00"
2023,Acura,MDX ILX,"£33,200.00"
2023,Acura,Nsx Sh-Awd,"£170,500.00"
2023,Acura,MDX 3.5L with Technology Package,"£54,250.00"
2023,Acura,MDX 3.5L with A-Spec Package,"£59,950.00"
2023,Acura,MDX Type S,"£67,850.00"
2023,Acura,RDX A-Spec Package,"£47,200.00"
2023,Acura,MDX 3.5L,"£49,050.00"
2023,Acura,RDX A-Spec Advance Package,"£53,550.00"
2023,Fiat,500e,"£52,500.00"
2023,Fiat,E-Scudo,"£37,990.00"
2023,Fiat,600e,"£39,000.00"
2023,Fiat,Topolino,"£17,500.00"
2023,Fiat,Abarth 500e,"£36,000.00"
2023,Fiat,500 Icon,"£22,440.00"
2023,Fiat,500X,"£28,300.00"
2023,Fiat,500X Yacht Club Capri,"£29,610.00"
2023,Fiat,500X Pop,"£28,900.00"
2023,Fiat,500X Trekking,"£29,400.00"
2023,Fiat,500X Sport,"£31,950.00"
2023,Fiat,500x Trekking Plus,"£32,860.00"
2023,Fiat,Trekking Plus,"£32,860.00"
2023,Genesis,GV60 Performance AWD,"£67,900.00"
2023,Genesis,GV60 AWD,"£58,900.00"
2023,Genesis,GV60 RWD,"£59,400.00"
2023,Genesis,G90 3.5T,"£88,400.00"
2023,Genesis,G70,"£39,400.00"
2023,Genesis,GV80 3.5T Advanced Plus,"£70,850.00"
2023,Genesis,GV80 3.5T Advanced Plus AWD,"£70,850.00"
2023,Genesis,G90 3.5T e-SC,"£98,700.00"
2023,Genesis,G80,"£50,000.00"
2023,Genesis,GV80,"£55,800.00"
2023,Genesis,GV70,"£43,150.00"
2023,Genesis,GV60 Performance,"£68,290.00"
2023,Genesis,GV60 Advanced,"£59,290.00"
2023,Genesis,G80 2.5T AWD,"£51,400.00"
2023,Genesis,G70 3.3T AWD,"£46,750.00"
2023,Genesis,G70 2.0T AWD,"£41,250.00"
2023,Genesis,GV80 Prestige Signature,"£78,200.00"
2023,Genesis,GV60 Sport,"£63,390.00"
2023,Genesis,GV60 Sports Plus,"£80,650.00"
2023,Genesis,GV60 Premium,"£60,680.00"
2023,Genesis,G90 5.0L Ultimate AWD,"£83,200.00"
2023,Genesis,GV70 2.5T AWD,"£41,500.00"
2023,Genesis,GV80 2.5T AWD,"£55,550.00"
2023,Genesis,G90 3.3T Premium,"£75,950.00"
2023,Genesis,GV70 2.5T,"£43,150.00"
2023,Genesis,Electrified G80,"£79,820.00"
2023,Genesis,GV70 Sport,"£43,990.00"
2023,Genesis,GV80 2.5T,"£55,800.00"
2023,Genesis,GV80 3.5T,"£62,950.00"
2023,Genesis,GV80 3.5T Prestige Signature,"£77,700.00"
2023,Genesis,G90 5.0L Ultimate,"£79,700.00"
2023,Genesis,G80 2.5T,"£50,000.00"
2023,Genesis,G90,"£88,400.00"
2023,Genesis,Electrified GV70,"£65,000.00"
2023,Genesis,G70 3.3T,"£44,900.00"
2023,Buick,Electra E4 GS Crossover,"£36,200.00"
2023,Buick,Electra E4,"£26,490.00"
2023,Buick,Electra E5 Avenir,"£40,700.00"
2023,Buick,Encore Preferred,"£26,100.00"
2023,Buick,Envista Avenir,"£25,000.00"
2023,Buick,Electra E5,"£30,500.00"
2023,Buick,LaCrosse,"£23,490.00"
2023,Buick,Envista,"£21,850.00"
2023,Buick,Encore GX Preferred,"£25,900.00"
2023,Buick,Envision,"£31,700.00"
2023,Buick,Enclave,"£44,800.00"
2023,Buick,Encore GX,"£25,900.00"
2023,Buick,Envision Preferred AWD,"£35,350.00"
2023,Buick,Encore GX Essence AWD,"£30,600.00"
2023,Buick,Encore GX Select AWD,"£27,800.00"
2023,Buick,Enclave Avenir,"£57,470.00"
2023,Buick,Encore GX Select,"£27,300.00"
2023,Buick,Encore GX Essence,"£30,500.00"
2023,Buick,Enclave Premium AWD,"£52,000.00"
2023,Buick,Envision Essence,"£37,500.00"
2023,Buick,Enclave Essence AWD,"£45,000.00"
2023,Buick,Envision Preferred,"£33,400.00"
2023,Buick,Enclave Avenir AWD,"£57,300.00"
2023,Buick,Encore GX Preferred AWD,"£26,400.00"
2023,Buick,Envision Essence AWD,"£37,600.00"
2023,Buick,Envision Avenir,"£45,660.00"
2023,Buick,Encore Preferred AWD,"£26,820.00"
2023,Buick,Envision Avenir AWD,"£45,760.00"
2023,Buick,Enclave Essence,"£44,800.00"
2023,Buick,Enclave Premium,"£52,035.00"
2023,Buick,Enclave Preferred,"£58,100.00"
2023,Tesla,Model S LR,"£88,500.00"
2023,Tesla,Model X LR Plus,"£98,500.00"
2023,Tesla,Model 3 LR AWD,"£47,240.00"
2023,Tesla,Model 3 LR RWD,"£58,430.00"
2023,Tesla,Model Y SR Plus RWD 60kWh,"£60,000.00"
2023,Tesla,Cybertruck,"£39,900.00"
2023,Tesla,Model S,"£94,990.00"
2023,Tesla,Model 3,"£43,990.00"
2023,Tesla,Semi Long Range,"£195,200.00"
2023,Tesla,Cybertruck Single Motor RWD,"£39,900.00"
2023,Tesla,Model 3 Long Range AWD,"£58,990.00"
2023,Tesla,Model X Standard Range plus AWD,"£99,990.00"
2023,Tesla,Model 3 Performance AWD,"£60,990.00"
2023,Tesla,Model X Long Range AWD,"£106,990.00"
2023,Tesla,Cybertruck Tri Motor AWD,"£69,900.00"
2023,Tesla,Cybertruck Dual Motor AWD,"£49,900.00"
2023,Tesla,Model Y Standard Range,"£43,990.00"
2023,Tesla,Model X,"£109,990.00"
2023,Tesla,Model S Plaid,"£114,990.00"
2023,Tesla,Model S Long Range,"£96,990.00"
2023,Tesla,Model 3 Performance,"£53,990.00"
2023,Tesla,Model Y,"£60,000.00"
2023,Tesla,Model 3 Standard Plus,"£44,990.00"
2023,Tesla,Model 3 Standard Plus RWD,"£60,900.00"
2023,Tesla,Model Y Long Range,"£52,990.00"
2023,Tesla,Model X Performance,"£107,990.00"
2023,Tesla,Model S Performance,"£104,990.00"
2023,Tesla,S Performance,"£104,990.00"
2023,Tesla,X Performance,"£120,990.00"
2023,Tesla,Model 3 Long Range,"£51,990.00"
2023,Tesla,Model X Plaid,"£119,990.00"
2023,Tesla,Model X Long Range,"£107,990.00"
